category,valor
Tue May 19 2015,12.7
Wed May 20 2015,12.64
Thu May 21 2015,12.64
Fri May 22 2015,12.65
Tue May 26 2015,12.72
Wed May 27 2015,12.72
Thu May 28 2015,12.7
Fri May 29 2015,12.65
Mon Jun 01 2015,12.63
Tue Jun 02 2015,12.65
Wed Jun 03 2015,12.66
Thu Jun 04 2015,12.64
Fri Jun 05 2015,12.65
Mon Jun 08 2015,12.62
Tue Jun 09 2015,12.62
Wed Jun 10 2015,12.62
Thu Jun 11 2015,12.67
Fri Jun 12 2015,12.68
Mon Jun 15 2015,12.7
Tue Jun 16 2015,12.85
Wed Jun 17 2015,12.94
Thu Jun 18 2015,13.08
Fri Jun 19 2015,13.02
Mon Jun 22 2015,13.05
Tue Jun 23 2015,13.35
Wed Jun 24 2015,13.57
Thu Jun 25 2015,13.52
Fri Jun 26 2015,13.28
Mon Jun 29 2015,13.29
Tue Jun 30 2015,13.4
Wed Jul 01 2015,13.55
Thu Jul 02 2015,13.55
Fri Jul 03 2015,13.48
Mon Jul 06 2015,13.43
Tue Jul 07 2015,13.59
Wed Jul 08 2015,13.6
Fri Jul 10 2015,13.62
Mon Jul 13 2015,13.85
Tue Jul 14 2015,14
Wed Jul 15 2015,13.94
Thu Jul 16 2015,14.11
Fri Jul 17 2015,14.22
Mon Jul 20 2015,14.55
Tue Jul 21 2015,15.09
Wed Jul 22 2015,14.89
Thu Jul 23 2015,14.64
Fri Jul 24 2015,14.49
Mon Jul 27 2015,14.65
Tue Jul 28 2015,14.95
Wed Jul 29 2015,14.94
Thu Jul 30 2015,14.91
Fri Jul 31 2015,14.94
Mon Aug 03 2015,14.89
Tue Aug 04 2015,14.9
Wed Aug 05 2015,14.95
Thu Aug 06 2015,14.98
Fri Aug 07 2015,14.92
Mon Aug 10 2015,14.82
Tue Aug 11 2015,14.83
Wed Aug 12 2015,14.87
Thu Aug 13 2015,14.97
Fri Aug 14 2015,15.1
Tue Aug 18 2015,15.05
Wed Aug 19 2015,15.15
Thu Aug 20 2015,15.35
Fri Aug 21 2015,15.55
Mon Aug 24 2015,15.84
Tue Aug 25 2015,15.97
Wed Aug 26 2015,15.92
Thu Aug 27 2015,15.67
Fri Aug 28 2015,15.53
Mon Aug 31 2015,15.47
Tue Sep 01 2015,15.51
Wed Sep 02 2015,15.62
Thu Sep 03 2015,15.66
Fri Sep 04 2015,15.48
Mon Sep 07 2015,15.45
Tue Sep 08 2015,15.51
Wed Sep 09 2015,15.55
Thu Sep 10 2015,15.54
Fri Sep 11 2015,15.52
Mon Sep 14 2015,15.62
Tue Sep 15 2015,15.68
Wed Sep 16 2015,15.85
Thu Sep 17 2015,15.91
Fri Sep 18 2015,15.86
Mon Sep 21 2015,15.9
Tue Sep 22 2015,15.94
Wed Sep 23 2015,15.93
Thu Sep 24 2015,16.01
Fri Sep 25 2015,16.06
Mon Sep 28 2015,16.01
Tue Sep 29 2015,16
Wed Sep 30 2015,15.99
Thu Oct 01 2015,15.88
Fri Oct 02 2015,15.89
Mon Oct 05 2015,15.8
Tue Oct 06 2015,15.74
Wed Oct 07 2015,15.75
Thu Oct 08 2015,15.77
Fri Oct 09 2015,15.83
Tue Oct 13 2015,15.83
Wed Oct 14 2015,15.82
Thu Oct 15 2015,15.83
Fri Oct 16 2015,15.94
Mon Oct 19 2015,16.11
Tue Oct 20 2015,16.03
Wed Oct 21 2015,15.88
Thu Oct 22 2015,16.03
Fri Oct 23 2015,16.05
Mon Oct 26 2015,15.81
Tue Oct 27 2015,15.85
Wed Oct 28 2015,15.9
Thu Oct 29 2015,15.77
Fri Oct 30 2015,15.75
Mon Nov 02 2015,15.63
Tue Nov 03 2015,15.51
Wed Nov 04 2015,15.46
Thu Nov 05 2015,15.14
Mon Nov 09 2015,14.45
Tue Nov 10 2015,14.7
Wed Nov 11 2015,15.33
Thu Nov 12 2015,15.27
Fri Nov 13 2015,15.05
Mon Nov 16 2015,15.1
Tue Nov 17 2015,15.35
Wed Nov 18 2015,15.41
Thu Nov 19 2015,15.2
Fri Nov 20 2015,15.07
Mon Nov 23 2015,15.19
Tue Nov 24 2015,15.24
Wed Nov 25 2015,15.12
Thu Nov 26 2015,14.96
Mon Nov 30 2015,14.74
Tue Dec 01 2015,14.49
Wed Dec 02 2015,14.8
Thu Dec 03 2015,14.73
Fri Dec 04 2015,14.81
Wed Dec 09 2015,14.73
Thu Dec 10 2015,14.77
Fri Dec 11 2015,14.86
Mon Dec 14 2015,14.69
Tue Dec 15 2015,14.54
Wed Dec 16 2015,14.57
Thu Dec 17 2015,14.36
Fri Dec 18 2015,14.2
Mon Dec 21 2015,13.9
Tue Dec 22 2015,13.92
Wed Dec 23 2015,14.1
Thu Dec 24 2015,14.1
Mon Dec 28 2015,14.32
Tue Dec 29 2015,14.41
Wed Dec 30 2015,14.32
Thu Dec 31 2015,14.32
Mon Jan 04 2016,14.2
Tue Jan 05 2016,14.29
Wed Jan 06 2016,14.43
Thu Jan 07 2016,14.44
Fri Jan 08 2016,14.45
Mon Jan 11 2016,14.44
Tue Jan 12 2016,14.38
Wed Jan 13 2016,14.4
Thu Jan 14 2016,14.41
Fri Jan 15 2016,14.38
Mon Jan 18 2016,14.37
Tue Jan 19 2016,14.37
Wed Jan 20 2016,14.35
Thu Jan 21 2016,14.36
Fri Jan 22 2016,14.35
Mon Jan 25 2016,14.35
Tue Jan 26 2016,14.36
Wed Jan 27 2016,14.37
Thu Jan 28 2016,14.29
Fri Jan 29 2016,14.27
Mon Feb 01 2016,14.4
Tue Feb 02 2016,14.3
Wed Feb 03 2016,14.39
Thu Feb 04 2016,14.4
Fri Feb 05 2016,14.41
Wed Feb 10 2016,14.43
Thu Feb 11 2016,14.66
Fri Feb 12 2016,14.95
Mon Feb 15 2016,15
Tue Feb 16 2016,15.08
Wed Feb 17 2016,15.32
Thu Feb 18 2016,15.35
Fri Feb 19 2016,15.33
Mon Feb 22 2016,15.42
Tue Feb 23 2016,15.43
Wed Feb 24 2016,15.58
Thu Feb 25 2016,15.66
Fri Feb 26 2016,15.65
Mon Feb 29 2016,15.61
Tue Mar 01 2016,15.95
Wed Mar 02 2016,15.9
Thu Mar 03 2016,15.71
Fri Mar 04 2016,15.72
Mon Mar 07 2016,15.73
Tue Mar 08 2016,15.74
Wed Mar 09 2016,15.72
Thu Mar 10 2016,15.71
Fri Mar 11 2016,15.6
Mon Mar 14 2016,15.61
Tue Mar 15 2016,15.35
Wed Mar 16 2016,15.42
Thu Mar 17 2016,15.58
Fri Mar 18 2016,15.56
Mon Mar 21 2016,15.39
Tue Mar 22 2016,15.34
Wed Mar 23 2016,15.3
Mon Mar 28 2016,15.43
Tue Mar 29 2016,15.39
Wed Mar 30 2016,15.3
Thu Mar 31 2016,15.26
Fri Apr 01 2016,15.21
Mon Apr 04 2016,15.19
Tue Apr 05 2016,15.1
Wed Apr 06 2016,14.98
Thu Apr 07 2016,14.95
Fri Apr 08 2016,14.91
Mon Apr 11 2016,14.96
Tue Apr 12 2016,15.01
Wed Apr 13 2016,14.92
Thu Apr 14 2016,14.98
Fri Apr 15 2016,14.94
Mon Apr 18 2016,14.81
Tue Apr 19 2016,14.73
Wed Apr 20 2016,14.68
Thu Apr 21 2016,14.8
Fri Apr 22 2016,14.88
Mon Apr 25 2016,14.85
Tue Apr 26 2016,14.79
Wed Apr 27 2016,14.74
Thu Apr 28 2016,14.71
Fri Apr 29 2016,14.66
Mon May 02 2016,14.66
Tue May 03 2016,14.66
Wed May 04 2016,14.67
Thu May 05 2016,14.58
Fri May 06 2016,14.54
Mon May 09 2016,14.53
Tue May 10 2016,14.53
Wed May 11 2016,14.6
Thu May 12 2016,14.7
Fri May 13 2016,14.63
Mon May 16 2016,14.68
Tue May 17 2016,14.66
Wed May 18 2016,14.71
Thu May 19 2016,14.69
Fri May 20 2016,14.67
Mon May 23 2016,14.67
Tue May 24 2016,14.66
Thu May 26 2016,14.67
Fri May 27 2016,14.67
Mon May 30 2016,14.64
Tue May 31 2016,14.51
Wed Jun 01 2016,14.43
Thu Jun 02 2016,14.36
Fri Jun 03 2016,14.28
Mon Jun 06 2016,14.16
Tue Jun 07 2016,14.19
Wed Jun 08 2016,14.23
Thu Jun 09 2016,14.31
Fri Jun 10 2016,14.31
Mon Jun 13 2016,14.41
Tue Jun 14 2016,14.41
Wed Jun 15 2016,14.46
Thu Jun 16 2016,14.42
Tue Jun 21 2016,14.46
Wed Jun 22 2016,14.56
Thu Jun 23 2016,14.75
Fri Jun 24 2016,15.02
Mon Jun 27 2016,15.32
Tue Jun 28 2016,15.02
Wed Jun 29 2016,15.02
Thu Jun 30 2016,15.05
Fri Jul 01 2016,15.05
Mon Jul 04 2016,15.09
Tue Jul 05 2016,15
Wed Jul 06 2016,14.91
Thu Jul 07 2016,14.9
Mon Jul 11 2016,15.03
Tue Jul 12 2016,15.09
Wed Jul 13 2016,15.06
Thu Jul 14 2016,15.11
Fri Jul 15 2016,15.26
Mon Jul 18 2016,15.39
Tue Jul 19 2016,15.23
Wed Jul 20 2016,15.37
Thu Jul 21 2016,15.33
Fri Jul 22 2016,15.43
Mon Jul 25 2016,15.57
Tue Jul 26 2016,15.53
Wed Jul 27 2016,15.55
Thu Jul 28 2016,15.52
Fri Jul 29 2016,15.47
Mon Aug 01 2016,15.49
Tue Aug 02 2016,15.34
Wed Aug 03 2016,15.32
Thu Aug 04 2016,15.33
Fri Aug 05 2016,15.24
Mon Aug 08 2016,15.33
Tue Aug 09 2016,15.35
Wed Aug 10 2016,15.3
Thu Aug 11 2016,15.3
Fri Aug 12 2016,15.34
Tue Aug 16 2016,15.37
Wed Aug 17 2016,15.43
Thu Aug 18 2016,15.44
Fri Aug 19 2016,15.42
Mon Aug 22 2016,15.46
Tue Aug 23 2016,15.5
Wed Aug 24 2016,15.51
Thu Aug 25 2016,15.49
Fri Aug 26 2016,15.49
Mon Aug 29 2016,15.51
Tue Aug 30 2016,15.49
Wed Aug 31 2016,15.41
Thu Sep 01 2016,15.28
Fri Sep 02 2016,15.39
Mon Sep 05 2016,15.38
Tue Sep 06 2016,15.36
Wed Sep 07 2016,15.3
Thu Sep 08 2016,15.38
Fri Sep 09 2016,15.38
Mon Sep 12 2016,15.41
Tue Sep 13 2016,15.37
Wed Sep 14 2016,15.41
Thu Sep 15 2016,15.42
Fri Sep 16 2016,15.5
Mon Sep 19 2016,15.6
Tue Sep 20 2016,15.76
Wed Sep 21 2016,15.68
Thu Sep 22 2016,15.7
Fri Sep 23 2016,15.72
Mon Sep 26 2016,15.8
Tue Sep 27 2016,15.78
Wed Sep 28 2016,15.76
Thu Sep 29 2016,15.74
Fri Sep 30 2016,15.71
Mon Oct 03 2016,15.66
Tue Oct 04 2016,15.57
Wed Oct 05 2016,15.6
Thu Oct 06 2016,15.57
Fri Oct 07 2016,15.55
Tue Oct 11 2016,15.59
Wed Oct 12 2016,15.53
Thu Oct 13 2016,15.55
Fri Oct 14 2016,15.6
Mon Oct 17 2016,15.67
Tue Oct 18 2016,15.64
Wed Oct 19 2016,15.63
Thu Oct 20 2016,15.58
Fri Oct 21 2016,15.56
Mon Oct 24 2016,15.62
Tue Oct 25 2016,15.61
Wed Oct 26 2016,15.58
Thu Oct 27 2016,15.5
Fri Oct 28 2016,15.57
Mon Oct 31 2016,15.56
Tue Nov 01 2016,15.43
Wed Nov 02 2016,15.4
Thu Nov 03 2016,15.37
Fri Nov 04 2016,15.42
Mon Nov 07 2016,15.47
Tue Nov 08 2016,15.42
Wed Nov 09 2016,15.38
Thu Nov 10 2016,15.35
Fri Nov 11 2016,15.45
Mon Nov 14 2016,15.9
Tue Nov 15 2016,15.85
Wed Nov 16 2016,15.8
Thu Nov 17 2016,15.8
Fri Nov 18 2016,15.85
Mon Nov 21 2016,15.82
Tue Nov 22 2016,15.82
Wed Nov 23 2016,15.95
Thu Nov 24 2016,16.03
Fri Nov 25 2016,16.09
Tue Nov 29 2016,16.1
Wed Nov 30 2016,16.15
Thu Dec 01 2016,16.25
Fri Dec 02 2016,16.35
Mon Dec 05 2016,16.28
Tue Dec 06 2016,16.18
Wed Dec 07 2016,16.3
Mon Dec 12 2016,16.34
Tue Dec 13 2016,16.36
Wed Dec 14 2016,16.43
Thu Dec 15 2016,16.66
Fri Dec 16 2016,16.69
Mon Dec 19 2016,16.74
Tue Dec 20 2016,16.58
Wed Dec 21 2016,16.58
Thu Dec 22 2016,16.64
Fri Dec 23 2016,16.66
Mon Dec 26 2016,16.85
Tue Dec 27 2016,16.77
Wed Dec 28 2016,16.8
Thu Dec 29 2016,16.95
Fri Dec 30 2016,16.87
Mon Jan 02 2017,16.99
Tue Jan 03 2017,17.11
Wed Jan 04 2017,16.96
Thu Jan 05 2017,16.87
Fri Jan 06 2017,16.86
Mon Jan 09 2017,16.88
Tue Jan 10 2017,16.85
Wed Jan 11 2017,16.81
Thu Jan 12 2017,16.82
Fri Jan 13 2017,16.79
Mon Jan 16 2017,16.81
Tue Jan 17 2017,16.85
Wed Jan 18 2017,16.88
Thu Jan 19 2017,16.89
Fri Jan 20 2017,16.86
Mon Jan 23 2017,16.88
Tue Jan 24 2017,16.87
Wed Jan 25 2017,16.85
Thu Jan 26 2017,16.8
Fri Jan 27 2017,16.8
Mon Jan 30 2017,16.7
Tue Jan 31 2017,16.64
Wed Feb 01 2017,16.61
Thu Feb 02 2017,16.51
Fri Feb 03 2017,16.48
Mon Feb 06 2017,16.48
Tue Feb 07 2017,16.49
Wed Feb 08 2017,16.48
Thu Feb 09 2017,16.43
Fri Feb 10 2017,16.43
Mon Feb 13 2017,16.45
Tue Feb 14 2017,16.41
Wed Feb 15 2017,16.32
Thu Feb 16 2017,16.28
Fri Feb 17 2017,16.48
Mon Feb 20 2017,16.49
Tue Feb 21 2017,16.42
Wed Feb 22 2017,16.35
Thu Feb 23 2017,16.26
Fri Feb 24 2017,16.28
Wed Mar 01 2017,16.24
Thu Mar 02 2017,16.02
Fri Mar 03 2017,16.07
Mon Mar 06 2017,16.1
Tue Mar 07 2017,16.09
Wed Mar 08 2017,16.02
Thu Mar 09 2017,16.02
Fri Mar 10 2017,16.04
Mon Mar 13 2017,16.08
Tue Mar 14 2017,16.07
Wed Mar 15 2017,16.06
Thu Mar 16 2017,16.04
Fri Mar 17 2017,16.07
Mon Mar 20 2017,16.2
Tue Mar 21 2017,16.13
Wed Mar 22 2017,16.08
Thu Mar 23 2017,16.09
Mon Mar 27 2017,16.11
Tue Mar 28 2017,16.07
Wed Mar 29 2017,15.9
Thu Mar 30 2017,15.89
Fri Mar 31 2017,15.98
Mon Apr 03 2017,15.99
Tue Apr 04 2017,15.88
Wed Apr 05 2017,15.87
Thu Apr 06 2017,15.87
Fri Apr 07 2017,15.69
Mon Apr 10 2017,15.63
Tue Apr 11 2017,15.69
Wed Apr 12 2017,15.69
Mon Apr 17 2017,15.91
Tue Apr 18 2017,15.87
Wed Apr 19 2017,16.1
Thu Apr 20 2017,16.09
Fri Apr 21 2017,16.09
Mon Apr 24 2017,16.12
Tue Apr 25 2017,16.1
Wed Apr 26 2017,16.06
Thu Apr 27 2017,15.95
Fri Apr 28 2017,15.99
Tue May 02 2017,15.97
Wed May 03 2017,15.89
Thu May 04 2017,15.91
Fri May 05 2017,15.91
Mon May 08 2017,16.01
Tue May 09 2017,15.95
Wed May 10 2017,15.94
Thu May 11 2017,15.92
Fri May 12 2017,15.93
Mon May 15 2017,15.97
Tue May 16 2017,16.05
Wed May 17 2017,16.06
Thu May 18 2017,16.2
Fri May 19 2017,16.11
Mon May 22 2017,16.22
Tue May 23 2017,16.28
Wed May 24 2017,16.29
Fri May 26 2017,16.34
Mon May 29 2017,16.41
Tue May 30 2017,16.45
Wed May 31 2017,16.39
Thu Jun 01 2017,16.3
Fri Jun 02 2017,16.32
Mon Jun 05 2017,16.34
Tue Jun 06 2017,16.38
Wed Jun 07 2017,16.36
Thu Jun 08 2017,16.34
Fri Jun 09 2017,16.35
Mon Jun 12 2017,16.41
Tue Jun 13 2017,16.41
Wed Jun 14 2017,16.51
Thu Jun 15 2017,16.49
Fri Jun 16 2017,16.53
Mon Jun 19 2017,16.64
Wed Jun 21 2017,16.7
Thu Jun 22 2017,16.53
Fri Jun 23 2017,16.56
Mon Jun 26 2017,16.67
Tue Jun 27 2017,16.72
Wed Jun 28 2017,16.67
Thu Jun 29 2017,16.71
Fri Jun 30 2017,16.84
Mon Jul 03 2017,16.91
Tue Jul 04 2017,16.96
Wed Jul 05 2017,17.21
Thu Jul 06 2017,17.25
Fri Jul 07 2017,17.2
Mon Jul 10 2017,17.3
Tue Jul 11 2017,17.42
Wed Jul 12 2017,17.5
Thu Jul 13 2017,17.6
Fri Jul 14 2017,17.57
Mon Jul 17 2017,17.72
Tue Jul 18 2017,17.84
Wed Jul 19 2017,17.82
Thu Jul 20 2017,17.84
Fri Jul 21 2017,17.96
Mon Jul 24 2017,18.05
Tue Jul 25 2017,18.14
Wed Jul 26 2017,18.27
Thu Jul 27 2017,18.42
Fri Jul 28 2017,18.43
Mon Jul 31 2017,18.09
Tue Aug 01 2017,18.09
Wed Aug 02 2017,18.26
Thu Aug 03 2017,18.18
Fri Aug 04 2017,18.15
Mon Aug 07 2017,18.19
Tue Aug 08 2017,18.4
Wed Aug 09 2017,18.41
Thu Aug 10 2017,18.48
Fri Aug 11 2017,18.48
Mon Aug 14 2017,18.1
Tue Aug 15 2017,18.15
Wed Aug 16 2017,18.3
Thu Aug 17 2017,18.35
Fri Aug 18 2017,18.3
Tue Aug 22 2017,18.32
Wed Aug 23 2017,18.3
Thu Aug 24 2017,18.26
Fri Aug 25 2017,18.28
Mon Aug 28 2017,18.31
Tue Aug 29 2017,18.29
Wed Aug 30 2017,18.26
Thu Aug 31 2017,18.23
Fri Sep 01 2017,18.15
Mon Sep 04 2017,18.1
Tue Sep 05 2017,17.99
Wed Sep 06 2017,17.95
Thu Sep 07 2017,17.83
Fri Sep 08 2017,17.88
Mon Sep 11 2017,17.94
Tue Sep 12 2017,17.88
Wed Sep 13 2017,17.85
Thu Sep 14 2017,17.86
Fri Sep 15 2017,17.84
Mon Sep 18 2017,17.92
Tue Sep 19 2017,17.95
Wed Sep 20 2017,17.97
Thu Sep 21 2017,17.95
Fri Sep 22 2017,17.95
Mon Sep 25 2017,17.97
Tue Sep 26 2017,18.05
Wed Sep 27 2017,17.99
Thu Sep 28 2017,17.97
Fri Sep 29 2017,17.91
Mon Oct 02 2017,17.96
Tue Oct 03 2017,17.9
Wed Oct 04 2017,17.82
Thu Oct 05 2017,17.8
Fri Oct 06 2017,17.78
Mon Oct 09 2017,17.87
Tue Oct 10 2017,17.86
Wed Oct 11 2017,17.85
Thu Oct 12 2017,17.89
Fri Oct 13 2017,17.9
Tue Oct 17 2017,18.02
Wed Oct 18 2017,18.05
Thu Oct 19 2017,17.98
Fri Oct 20 2017,18.01
Mon Oct 23 2017,18.07
Tue Oct 24 2017,18.14
Wed Oct 25 2017,18.1
Thu Oct 26 2017,18.08
Fri Oct 27 2017,18.12
Mon Oct 30 2017,18.15
Tue Oct 31 2017,18.1
Wed Nov 01 2017,18.03
Thu Nov 02 2017,18.03
Fri Nov 03 2017,18.01
Tue Nov 07 2017,18
Wed Nov 08 2017,17.9
Thu Nov 09 2017,17.95
Fri Nov 10 2017,17.98
Mon Nov 13 2017,18.08
Tue Nov 14 2017,18.07
Wed Nov 15 2017,18.06
Thu Nov 16 2017,18.06
Fri Nov 17 2017,18.09
Tue Nov 21 2017,18.12
Wed Nov 22 2017,18.14
Thu Nov 23 2017,18.1
Fri Nov 24 2017,18.07
Mon Nov 27 2017,18.11
Tue Nov 28 2017,18.14
Wed Nov 29 2017,18.12
Thu Nov 30 2017,17.96
Fri Dec 01 2017,18.01
Mon Dec 04 2017,18.07
Tue Dec 05 2017,17.96
Wed Dec 06 2017,17.95
Thu Dec 07 2017,17.88
Mon Dec 11 2017,17.93
Tue Dec 12 2017,17.95
Wed Dec 13 2017,17.93
Thu Dec 14 2017,17.96
Fri Dec 15 2017,18.09
Mon Dec 18 2017,18.25
Tue Dec 19 2017,18.14
Wed Dec 20 2017,18.06
Thu Dec 21 2017,18.23
Fri Dec 22 2017,18.47
Tue Dec 26 2017,18.9
Wed Dec 27 2017,19.05
Thu Dec 28 2017,19.55
Fri Dec 29 2017,19.28
Tue Jan 02 2018,19.25
Wed Jan 03 2018,19.29
Thu Jan 04 2018,19.41
Fri Jan 05 2018,19.45
Mon Jan 08 2018,19.58
Tue Jan 09 2018,19.54
Wed Jan 10 2018,19.32
Thu Jan 11 2018,19.41
Fri Jan 12 2018,19.54
Mon Jan 15 2018,19.61
Tue Jan 16 2018,19.6
Wed Jan 17 2018,19.62
Thu Jan 18 2018,19.64
Fri Jan 19 2018,19.69
Mon Jan 22 2018,19.8
Tue Jan 23 2018,19.88
Wed Jan 24 2018,20.03
Thu Jan 25 2018,19.96
Fri Jan 26 2018,19.98
Mon Jan 29 2018,20.03
Tue Jan 30 2018,20.04
Wed Jan 31 2018,19.95
Thu Feb 01 2018,19.93
Fri Feb 02 2018,19.92
Mon Feb 05 2018,19.92
Tue Feb 06 2018,19.89
Wed Feb 07 2018,19.85
Thu Feb 08 2018,19.93
Fri Feb 09 2018,20.23
Wed Feb 14 2018,20.2
Thu Feb 15 2018,20.12
Fri Feb 16 2018,20.15
Mon Feb 19 2018,20.23
Tue Feb 20 2018,20.16
Wed Feb 21 2018,20.3
Thu Feb 22 2018,20.31
Fri Feb 23 2018,20.35
Mon Feb 26 2018,20.4
Tue Feb 27 2018,20.4
Wed Feb 28 2018,20.35
Thu Mar 01 2018,20.4
Fri Mar 02 2018,20.5
Mon Mar 05 2018,20.55
Tue Mar 06 2018,20.65
Wed Mar 07 2018,20.68
Thu Mar 08 2018,20.65
Fri Mar 09 2018,20.61
Mon Mar 12 2018,20.6
Tue Mar 13 2018,20.67
Wed Mar 14 2018,20.75
Thu Mar 15 2018,20.82
Fri Mar 16 2018,20.89
Mon Mar 19 2018,20.92
Tue Mar 20 2018,20.97
Wed Mar 21 2018,20.98
Thu Mar 22 2018,20.9
Fri Mar 23 2018,20.94
Mon Mar 26 2018,20.88
Tue Mar 27 2018,20.76
Wed Mar 28 2018,20.76
Tue Apr 03 2018,20.82
Wed Apr 04 2018,20.6
Thu Apr 05 2018,20.65
Fri Apr 06 2018,20.64
Mon Apr 09 2018,20.61
Tue Apr 10 2018,20.61
Wed Apr 11 2018,20.7
Thu Apr 12 2018,20.7
Fri Apr 13 2018,20.7
Mon Apr 16 2018,20.7
Tue Apr 17 2018,20.7
Wed Apr 18 2018,20.63
Thu Apr 19 2018,20.55
Fri Apr 20 2018,20.58
Mon Apr 23 2018,20.57
Tue Apr 24 2018,20.59
Wed Apr 25 2018,20.56
Thu Apr 26 2018,20.85
Fri Apr 27 2018,21
Wed May 02 2018,21.5
Thu May 03 2018,23.5
Fri May 04 2018,22.2
Mon May 07 2018,22.5
Tue May 08 2018,23
Wed May 09 2018,23.5
Thu May 10 2018,23.55
Fri May 11 2018,24.25
Mon May 14 2018,26.8
Tue May 15 2018,24.8
Wed May 16 2018,25
Thu May 17 2018,25.2
Fri May 18 2018,25.4
Mon May 21 2018,25.4
Tue May 22 2018,25.4
Wed May 23 2018,25.49
Thu May 24 2018,25.75
Mon May 28 2018,25.85
Tue May 29 2018,25.85
Wed May 30 2018,25.9
Thu May 31 2018,25.97
Fri Jun 01 2018,26
Mon Jun 04 2018,26
Tue Jun 05 2018,25.9
Wed Jun 06 2018,25.55
Thu Jun 07 2018,25.65
Fri Jun 08 2018,26.2
Mon Jun 11 2018,26.3
Tue Jun 12 2018,26.7
Wed Jun 13 2018,27
Thu Jun 14 2018,28.7
Fri Jun 15 2018,28.7
Mon Jun 18 2018,28.5
Tue Jun 19 2018,28.5
Thu Jun 21 2018,28.5
Fri Jun 22 2018,28.1
Mon Jun 25 2018,28.3
Tue Jun 26 2018,28.3
Wed Jun 27 2018,28.3
Thu Jun 28 2018,28.5
Fri Jun 29 2018,29.4
Mon Jul 02 2018,29.3
Tue Jul 03 2018,29
Wed Jul 04 2018,28.95
Thu Jul 05 2018,28.9
Fri Jul 06 2018,28.9
Tue Jul 10 2018,28.5
Wed Jul 11 2018,28.5
Thu Jul 12 2018,28.4
Fri Jul 13 2018,28.68
Mon Jul 16 2018,28.85
Tue Jul 17 2018,28.8
Wed Jul 18 2018,28.65
Thu Jul 19 2018,28.65
Fri Jul 20 2018,28.9
Mon Jul 23 2018,28.8
Tue Jul 24 2018,28.7
Wed Jul 25 2018,28.7
Thu Jul 26 2018,28.7
Fri Jul 27 2018,28.7
Mon Jul 30 2018,28.65
Tue Jul 31 2018,28.45
Wed Aug 01 2018,28.45
Thu Aug 02 2018,28.4
Fri Aug 03 2018,28.35
Mon Aug 06 2018,28.3
Tue Aug 07 2018,28.3
Wed Aug 08 2018,28.3
Thu Aug 09 2018,28.5
Fri Aug 10 2018,29.5
Mon Aug 13 2018,30.5
Tue Aug 14 2018,30.5
Wed Aug 15 2018,30.5
Thu Aug 16 2018,30.1
Fri Aug 17 2018,30.2
Tue Aug 21 2018,30.5
Wed Aug 22 2018,30.8
Thu Aug 23 2018,30.95
Fri Aug 24 2018,31.35
Mon Aug 27 2018,32.2
Tue Aug 28 2018,33
Wed Aug 29 2018,35
Thu Aug 30 2018,40
Fri Aug 31 2018,38
Mon Sep 03 2018,38.7
Tue Sep 04 2018,40
Wed Sep 05 2018,39.2
Thu Sep 06 2018,38.6
Fri Sep 07 2018,37.5
Mon Sep 10 2018,37.7
Tue Sep 11 2018,38.25
Wed Sep 12 2018,38.5
Thu Sep 13 2018,39.5
Fri Sep 14 2018,40
Mon Sep 17 2018,40.35
Tue Sep 18 2018,39.75
Wed Sep 19 2018,39.5
Thu Sep 20 2018,39
Fri Sep 21 2018,38.25
Mon Sep 24 2018,38.25
Tue Sep 25 2018,40
Wed Sep 26 2018,39.25
Thu Sep 27 2018,40.5
Fri Sep 28 2018,41.3
Mon Oct 01 2018,40
Tue Oct 02 2018,38.5
Wed Oct 03 2018,39
Thu Oct 04 2018,38.8
Fri Oct 05 2018,38.5
Mon Oct 08 2018,38
Tue Oct 09 2018,38
Wed Oct 10 2018,38
Thu Oct 11 2018,38
Fri Oct 12 2018,37.8
Tue Oct 16 2018,37.8
Wed Oct 17 2018,37.7
Thu Oct 18 2018,37.75
Fri Oct 19 2018,37.75
Mon Oct 22 2018,37.25
Tue Oct 23 2018,37.3
Wed Oct 24 2018,37.2
Thu Oct 25 2018,37.2
Fri Oct 26 2018,37.25
Mon Oct 29 2018,37
Tue Oct 30 2018,37
Wed Oct 31 2018,36.5
Thu Nov 01 2018,36.25
Fri Nov 02 2018,36.25
Mon Nov 05 2018,35.6
Wed Nov 07 2018,35.5
Thu Nov 08 2018,35.5
Fri Nov 09 2018,35.5
Mon Nov 12 2018,35.25
Tue Nov 13 2018,36
Wed Nov 14 2018,36
Thu Nov 15 2018,36.09
Fri Nov 16 2018,36.06
Tue Nov 20 2018,36.26
Wed Nov 21 2018,36.3
Thu Nov 22 2018,36.5
Fri Nov 23 2018,37.5
Mon Nov 26 2018,39
Tue Nov 27 2018,38.5
Wed Nov 28 2018,38
Thu Nov 29 2018,38
Mon Dec 03 2018,37
Tue Dec 04 2018,37
Wed Dec 05 2018,37
Thu Dec 06 2018,37.5
Fri Dec 07 2018,37.5
Mon Dec 10 2018,37.5
Tue Dec 11 2018,37.5
Wed Dec 12 2018,37.5
Thu Dec 13 2018,37.65
Fri Dec 14 2018,37.65
Mon Dec 17 2018,38.5
Tue Dec 18 2018,38.5
Wed Dec 19 2018,39
Thu Dec 20 2018,39
Fri Dec 21 2018,39
Wed Dec 26 2018,39.75
Thu Dec 27 2018,40
Fri Dec 28 2018,40.5
Wed Jan 02 2019,40.5
Thu Jan 03 2019,40.25
Fri Jan 04 2019,40
Mon Jan 07 2019,39.5
Tue Jan 08 2019,39.25
Wed Jan 09 2019,39.75
Thu Jan 10 2019,39.25
Fri Jan 11 2019,39.25
Mon Jan 14 2019,39
Tue Jan 15 2019,39.25
Wed Jan 16 2019,39.25
Thu Jan 17 2019,39
Fri Jan 18 2019,39
Mon Jan 21 2019,38.75
Tue Jan 22 2019,38.75
Wed Jan 23 2019,39
Thu Jan 24 2019,38.5
Fri Jan 25 2019,38.25
Mon Jan 28 2019,38.25
Tue Jan 29 2019,38.5
Wed Jan 30 2019,38.25
Thu Jan 31 2019,37.5
Fri Feb 01 2019,37.75
Mon Feb 04 2019,37.5
Tue Feb 05 2019,37.3
Wed Feb 06 2019,37.25
Thu Feb 07 2019,37.75
Fri Feb 08 2019,37.5
Mon Feb 11 2019,38
Tue Feb 12 2019,38
Wed Feb 13 2019,38.25
Thu Feb 14 2019,38.5
Fri Feb 15 2019,38.75
Mon Feb 18 2019,38.75
Tue Feb 19 2019,39
Wed Feb 20 2019,39.75
Thu Feb 21 2019,39.25
Fri Feb 22 2019,38.75
Mon Feb 25 2019,38.75
Tue Feb 26 2019,39.25
Wed Feb 27 2019,39
Thu Feb 28 2019,39
Fri Mar 01 2019,39
Wed Mar 06 2019,40.5
Thu Mar 07 2019,42.5
Fri Mar 08 2019,41
Mon Mar 11 2019,41
Tue Mar 12 2019,41.25
Wed Mar 13 2019,41.5
Thu Mar 14 2019,41
Fri Mar 15 2019,41
Mon Mar 18 2019,41
Tue Mar 19 2019,41.25
Wed Mar 20 2019,41.25
Thu Mar 21 2019,41.25
Fri Mar 22 2019,41.75
Mon Mar 25 2019,41.9
Tue Mar 26 2019,42.55
Wed Mar 27 2019,44
Thu Mar 28 2019,43.8
Fri Mar 29 2019,43.65
Mon Apr 01 2019,43.5
Wed Apr 03 2019,43.5
Thu Apr 04 2019,43.65
Fri Apr 05 2019,44
Mon Apr 08 2019,44
Tue Apr 09 2019,44
Wed Apr 10 2019,44
Thu Apr 11 2019,44
Fri Apr 12 2019,43.65
Mon Apr 15 2019,43.5
Tue Apr 16 2019,43.8
Wed Apr 17 2019,43.45
Mon Apr 22 2019,44.35
Tue Apr 23 2019,44.15
Wed Apr 24 2019,44.5
Thu Apr 25 2019,46
Fri Apr 26 2019,46.1
Mon Apr 29 2019,45.07
Tue Apr 30 2019,46
Thu May 02 2019,46.25
Fri May 03 2019,45.75
Mon May 06 2019,46.5
Tue May 07 2019,46
Wed May 08 2019,46
Thu May 09 2019,46
Fri May 10 2019,46
Mon May 13 2019,46
Tue May 14 2019,46
Wed May 15 2019,46
Thu May 16 2019,46
Fri May 17 2019,46.1
Mon May 20 2019,46.35
Tue May 21 2019,46.25
Wed May 22 2019,46.1
Thu May 23 2019,46.2
Fri May 24 2019,46.15
Mon May 27 2019,46.15
Tue May 28 2019,46.2
Wed May 29 2019,46.2
Thu May 30 2019,45.9
Fri May 31 2019,46
Mon Jun 03 2019,46.1
Tue Jun 04 2019,46
Wed Jun 05 2019,45.6
Thu Jun 06 2019,45.65
Fri Jun 07 2019,45.7
Mon Jun 10 2019,45.5
Tue Jun 11 2019,45.5
Wed Jun 12 2019,45.3
Thu Jun 13 2019,45.3
Fri Jun 14 2019,45.2
Tue Jun 18 2019,45.15
Wed Jun 19 2019,44.9
Fri Jun 21 2019,44.5
Mon Jun 24 2019,44.44
Tue Jun 25 2019,44.1
Wed Jun 26 2019,44.2
Thu Jun 27 2019,44.2
Fri Jun 28 2019,43.8
Mon Jul 01 2019,43.45
Tue Jul 02 2019,43.5
Wed Jul 03 2019,43.05
Thu Jul 04 2019,42.9
Fri Jul 05 2019,42.9
Wed Jul 10 2019,42.8
Thu Jul 11 2019,43.2
Fri Jul 12 2019,43.25
Mon Jul 15 2019,43.75
Tue Jul 16 2019,44.45
Wed Jul 17 2019,44.2
Thu Jul 18 2019,43.95
Fri Jul 19 2019,43.95
Mon Jul 22 2019,44.05
Tue Jul 23 2019,44.25
Wed Jul 24 2019,44.6
Thu Jul 25 2019,44.95
Fri Jul 26 2019,44.95
Mon Jul 29 2019,45.15
Tue Jul 30 2019,45.15
Wed Jul 31 2019,45.2
Thu Aug 01 2019,45.43
Fri Aug 02 2019,45.9
Mon Aug 05 2019,46.6
Tue Aug 06 2019,46.4
Wed Aug 07 2019,46.5
Thu Aug 08 2019,46.72
Fri Aug 09 2019,46.9
Mon Aug 12 2019,57
Tue Aug 13 2019,57
Wed Aug 14 2019,62
Thu Aug 15 2019,59
Fri Aug 16 2019,59
Tue Aug 20 2019,58
Wed Aug 21 2019,58.5
Thu Aug 22 2019,58
Fri Aug 23 2019,58
Mon Aug 26 2019,57.5
Tue Aug 27 2019,59
Wed Aug 28 2019,60.5
Thu Aug 29 2019,60.75
Fri Aug 30 2019,63
Mon Sep 02 2019,63.5
Tue Sep 03 2019,61
Wed Sep 04 2019,59
Thu Sep 05 2019,59
Fri Sep 06 2019,59
Mon Sep 09 2019,59
Tue Sep 10 2019,58.75
Wed Sep 11 2019,59
Thu Sep 12 2019,60
Fri Sep 13 2019,61.5
Mon Sep 16 2019,61.5
Tue Sep 17 2019,62
Wed Sep 18 2019,62.75
Thu Sep 19 2019,63
Fri Sep 20 2019,62.75
Mon Sep 23 2019,62.25
Tue Sep 24 2019,61.75
Wed Sep 25 2019,61.75
Thu Sep 26 2019,62
Fri Sep 27 2019,61.5
Mon Sep 30 2019,61.25
Tue Oct 01 2019,60.75
Wed Oct 02 2019,61.5
Thu Oct 03 2019,61
Fri Oct 04 2019,61.25
Mon Oct 07 2019,61.25
Tue Oct 08 2019,61.5
Wed Oct 09 2019,61.75
Thu Oct 10 2019,63
Fri Oct 11 2019,63.5
Tue Oct 15 2019,63.5
Wed Oct 16 2019,64.5
Thu Oct 17 2019,67.5
Fri Oct 18 2019,65.25
Mon Oct 21 2019,66.25
Tue Oct 22 2019,67.25
Wed Oct 23 2019,69.75
Thu Oct 24 2019,69.75
Fri Oct 25 2019,75.75
Mon Oct 28 2019,74
Tue Oct 29 2019,67
Wed Oct 30 2019,67
Thu Oct 31 2019,69
Fri Nov 01 2019,67.5
Mon Nov 04 2019,65.5
Tue Nov 05 2019,64.5
Wed Nov 06 2019,65
Thu Nov 07 2019,64
Fri Nov 08 2019,65.25
Mon Nov 11 2019,64.5
Tue Nov 12 2019,65.5
Wed Nov 13 2019,66.75
Thu Nov 14 2019,66.75
Fri Nov 15 2019,66.75
Tue Nov 19 2019,66.5
Wed Nov 20 2019,66.75
Thu Nov 21 2019,66.75
Fri Nov 22 2019,68.5
Mon Nov 25 2019,68
Tue Nov 26 2019,68.25
Wed Nov 27 2019,69.25
Thu Nov 28 2019,69.75
Fri Nov 29 2019,69.25
Mon Dec 02 2019,68.25
Tue Dec 03 2019,68.5
Wed Dec 04 2019,69
Thu Dec 05 2019,70
Fri Dec 06 2019,71
Mon Dec 09 2019,70
Tue Dec 10 2019,69.5
Wed Dec 11 2019,68.5
Thu Dec 12 2019,66.5
Fri Dec 13 2019,66.75
Mon Dec 16 2019,72.5
Tue Dec 17 2019,74
Wed Dec 18 2019,76
Thu Dec 19 2019,75.75
Fri Dec 20 2019,75
Mon Dec 23 2019,76.75
Thu Dec 26 2019,80
Fri Dec 27 2019,78.5
Mon Dec 30 2019,78.5
Thu Jan 02 2020,77
Fri Jan 03 2020,77
Mon Jan 06 2020,77.25
Tue Jan 07 2020,76.25
Wed Jan 08 2020,76.5
Thu Jan 09 2020,76.5
Fri Jan 10 2020,76.5
Mon Jan 13 2020,76.5
Tue Jan 14 2020,77.5
Wed Jan 15 2020,78
Thu Jan 16 2020,77.75
Fri Jan 17 2020,77.75
Mon Jan 20 2020,78
Tue Jan 21 2020,77.5
Wed Jan 22 2020,77.75
Thu Jan 23 2020,77.75
Fri Jan 24 2020,78.5
Mon Jan 27 2020,78
Tue Jan 28 2020,78.25
Wed Jan 29 2020,78.25
Thu Jan 30 2020,78
Fri Jan 31 2020,78
Mon Feb 03 2020,78
Tue Feb 04 2020,78
Wed Feb 05 2020,78
Thu Feb 06 2020,77.5
Fri Feb 07 2020,77.5
Mon Feb 10 2020,77
Tue Feb 11 2020,77.5
Wed Feb 12 2020,78.25
Thu Feb 13 2020,78.9
Fri Feb 14 2020,77.9
Mon Feb 17 2020,78
Tue Feb 18 2020,78.7
Wed Feb 19 2020,78.9
Thu Feb 20 2020,78.8
Fri Feb 21 2020,78.8
Wed Feb 26 2020,78.7
Thu Feb 27 2020,78.5
Fri Feb 28 2020,78.5
Mon Mar 02 2020,78.5
Tue Mar 03 2020,78.5
Wed Mar 04 2020,78.5
Thu Mar 05 2020,78.5
Fri Mar 06 2020,78.5
Mon Mar 09 2020,79.5
Tue Mar 10 2020,79.75
Wed Mar 11 2020,80
Thu Mar 12 2020,83
Fri Mar 13 2020,83.75
Mon Mar 16 2020,85
Tue Mar 17 2020,86.5
Wed Mar 18 2020,89.25
Thu Mar 19 2020,85.5
Fri Mar 20 2020,85.5
Wed Mar 25 2020,84.5
Thu Mar 26 2020,84.5
Fri Mar 27 2020,83.5
Mon Mar 30 2020,83.5
Wed Apr 01 2020,83.5
Thu Apr 02 2020,83.5
Fri Apr 03 2020,83.5
Mon Apr 06 2020,85
Tue Apr 07 2020,85
Wed Apr 08 2020,85
Mon Apr 13 2020,89.25
Tue Apr 14 2020,90
Wed Apr 15 2020,96
Thu Apr 16 2020,100
Fri Apr 17 2020,105
Mon Apr 20 2020,105
Tue Apr 21 2020,107
Wed Apr 22 2020,110
Thu Apr 23 2020,120
Fri Apr 24 2020,117
Mon Apr 27 2020,118
Tue Apr 28 2020,120
Wed Apr 29 2020,121
Thu Apr 30 2020,118
Mon May 04 2020,120
Tue May 05 2020,120
Wed May 06 2020,122
Thu May 07 2020,122
Fri May 08 2020,122
Mon May 11 2020,124.5
Tue May 12 2020,127
Wed May 13 2020,133
Thu May 14 2020,138
Fri May 15 2020,138
Mon May 18 2020,128
Tue May 19 2020,124
Wed May 20 2020,124
Thu May 21 2020,125
Fri May 22 2020,126
Tue May 26 2020,129
Wed May 27 2020,127
Thu May 28 2020,124
Fri May 29 2020,125
Mon Jun 01 2020,128
Tue Jun 02 2020,124
Wed Jun 03 2020,123
Thu Jun 04 2020,123
Fri Jun 05 2020,125
Mon Jun 08 2020,125
Tue Jun 09 2020,124
Wed Jun 10 2020,124
Thu Jun 11 2020,123
Fri Jun 12 2020,126
Tue Jun 16 2020,125
Wed Jun 17 2020,124
Thu Jun 18 2020,127
Fri Jun 19 2020,128
Mon Jun 22 2020,127
Tue Jun 23 2020,127
Wed Jun 24 2020,128
Thu Jun 25 2020,128
Fri Jun 26 2020,129
Mon Jun 29 2020,129
Tue Jun 30 2020,126
Wed Jul 01 2020,128
Thu Jul 02 2020,129
Fri Jul 03 2020,127
Mon Jul 06 2020,127
Tue Jul 07 2020,127
Wed Jul 08 2020,127
Fri Jul 10 2020,127
Mon Jul 13 2020,127
Tue Jul 14 2020,127
Wed Jul 15 2020,127
Thu Jul 16 2020,130
Fri Jul 17 2020,130
Mon Jul 20 2020,130
Tue Jul 21 2020,132
Wed Jul 22 2020,133
Thu Jul 23 2020,136
Fri Jul 24 2020,139
Mon Jul 27 2020,136
Tue Jul 28 2020,135
Wed Jul 29 2020,135
Thu Jul 30 2020,136
Fri Jul 31 2020,136
Mon Aug 03 2020,136
Tue Aug 04 2020,128
Wed Aug 05 2020,129
Thu Aug 06 2020,130
Fri Aug 07 2020,132
Mon Aug 10 2020,131
Tue Aug 11 2020,131
Wed Aug 12 2020,132
Thu Aug 13 2020,133
Fri Aug 14 2020,132
Mon Aug 17 2020,132
Tue Aug 18 2020,132
Wed Aug 19 2020,134
Thu Aug 20 2020,136
Fri Aug 21 2020,138
Mon Aug 24 2020,137
Tue Aug 25 2020,137
Wed Aug 26 2020,137
Thu Aug 27 2020,138
Fri Aug 28 2020,136
Mon Aug 31 2020,135
Tue Sep 01 2020,133
Wed Sep 02 2020,133
Thu Sep 03 2020,134
Fri Sep 04 2020,132
Mon Sep 07 2020,131
Tue Sep 08 2020,131
Wed Sep 09 2020,131
Thu Sep 10 2020,131
Fri Sep 11 2020,131
Mon Sep 14 2020,132
Tue Sep 15 2020,131
Wed Sep 16 2020,145
Thu Sep 17 2020,141
Fri Sep 18 2020,140
Mon Sep 21 2020,141
Tue Sep 22 2020,144
Wed Sep 23 2020,145
Thu Sep 24 2020,147
Fri Sep 25 2020,145
Mon Sep 28 2020,145
Tue Sep 29 2020,146
Wed Sep 30 2020,146
Thu Oct 01 2020,147
Fri Oct 02 2020,150
Mon Oct 05 2020,150
Tue Oct 06 2020,152
Wed Oct 07 2020,155
Thu Oct 08 2020,158
Fri Oct 09 2020,167
Tue Oct 13 2020,166
Wed Oct 14 2020,167
Thu Oct 15 2020,171
Fri Oct 16 2020,178
Mon Oct 19 2020,181
Tue Oct 20 2020,180
Wed Oct 21 2020,183
Thu Oct 22 2020,190
Fri Oct 23 2020,195
Mon Oct 26 2020,190
Tue Oct 27 2020,181
Wed Oct 28 2020,178
Thu Oct 29 2020,175
Fri Oct 30 2020,169
Mon Nov 02 2020,168
Tue Nov 03 2020,165
Wed Nov 04 2020,161
Thu Nov 05 2020,157
Fri Nov 06 2020,157
Mon Nov 09 2020,151
Tue Nov 10 2020,149
Wed Nov 11 2020,162
Thu Nov 12 2020,167
Fri Nov 13 2020,172
Mon Nov 16 2020,162
Tue Nov 17 2020,163
Wed Nov 18 2020,164
Thu Nov 19 2020,163
Fri Nov 20 2020,161
Tue Nov 24 2020,160
Wed Nov 25 2020,158
Thu Nov 26 2020,157
Fri Nov 27 2020,156
Mon Nov 30 2020,155
Wed Dec 02 2020,153
Thu Dec 03 2020,151
Fri Dec 04 2020,150
Wed Dec 09 2020,149
Thu Dec 10 2020,146
Fri Dec 11 2020,148
Mon Dec 14 2020,151
Tue Dec 15 2020,151
Wed Dec 16 2020,150
Thu Dec 17 2020,149
Fri Dec 18 2020,150
Mon Dec 21 2020,150
Tue Dec 22 2020,152
Wed Dec 23 2020,159
Mon Dec 28 2020,164
Tue Dec 29 2020,165
Wed Dec 30 2020,166
Mon Jan 04 2021,165
Tue Jan 05 2021,160
Wed Jan 06 2021,160
Thu Jan 07 2021,162
Fri Jan 08 2021,162
Mon Jan 11 2021,161
Tue Jan 12 2021,159
Wed Jan 13 2021,159
Thu Jan 14 2021,159
Fri Jan 15 2021,159
Mon Jan 18 2021,159
Tue Jan 19 2021,157
Wed Jan 20 2021,156
Thu Jan 21 2021,156
Fri Jan 22 2021,156
Mon Jan 25 2021,156
Tue Jan 26 2021,156
Wed Jan 27 2021,156
Thu Jan 28 2021,154
Fri Jan 29 2021,155
Mon Feb 01 2021,154
Tue Feb 02 2021,153
Wed Feb 03 2021,153
Thu Feb 04 2021,150
Fri Feb 05 2021,151
Mon Feb 08 2021,151
Tue Feb 09 2021,152
Wed Feb 10 2021,151
Thu Feb 11 2021,149
Fri Feb 12 2021,149
Wed Feb 17 2021,149
Thu Feb 18 2021,148
Fri Feb 19 2021,148
Mon Feb 22 2021,147
Tue Feb 23 2021,147
Wed Feb 24 2021,146
Thu Feb 25 2021,143
Fri Feb 26 2021,145
Mon Mar 01 2021,147
Tue Mar 02 2021,145
Wed Mar 03 2021,145
Thu Mar 04 2021,144
Fri Mar 05 2021,144
Mon Mar 08 2021,144
Tue Mar 09 2021,144
Wed Mar 10 2021,143
Thu Mar 11 2021,143
Fri Mar 12 2021,141
Mon Mar 15 2021,142
Tue Mar 16 2021,144
Wed Mar 17 2021,143
Thu Mar 18 2021,144
Fri Mar 19 2021,144
Mon Mar 22 2021,144
Tue Mar 23 2021,143
Thu Mar 25 2021,143
Fri Mar 26 2021,142
Mon Mar 29 2021,142
Tue Mar 30 2021,141
Wed Mar 31 2021,141
Mon Apr 05 2021,141
Tue Apr 06 2021,140
Wed Apr 07 2021,139
Thu Apr 08 2021,140
Fri Apr 09 2021,140
Mon Apr 12 2021,141
Tue Apr 13 2021,143
Wed Apr 14 2021,143
Thu Apr 15 2021,143
Fri Apr 16 2021,142
Mon Apr 19 2021,143
Tue Apr 20 2021,143
Wed Apr 21 2021,144
Thu Apr 22 2021,145
Fri Apr 23 2021,150
Mon Apr 26 2021,156
Tue Apr 27 2021,159
Wed Apr 28 2021,162
Thu Apr 29 2021,157
Fri Apr 30 2021,150
Mon May 03 2021,153
Tue May 04 2021,154
Wed May 05 2021,152
Thu May 06 2021,151
Fri May 07 2021,151
Mon May 10 2021,152
Tue May 11 2021,151
Wed May 12 2021,151
Thu May 13 2021,151
Fri May 14 2021,152
Mon May 17 2021,153
Tue May 18 2021,156
Wed May 19 2021,156
Thu May 20 2021,155
Fri May 21 2021,155
Mon May 24 2021,153
Wed May 26 2021,155
Thu May 27 2021,156
Fri May 28 2021,157
Mon May 31 2021,157
Tue Jun 01 2021,155
Wed Jun 02 2021,156
Thu Jun 03 2021,156
Fri Jun 04 2021,156
Mon Jun 07 2021,157
Tue Jun 08 2021,156
Wed Jun 09 2021,156
Thu Jun 10 2021,157
Fri Jun 11 2021,158
Mon Jun 14 2021,158
Tue Jun 15 2021,160
Wed Jun 16 2021,162
Thu Jun 17 2021,163
Fri Jun 18 2021,164
Tue Jun 22 2021,165
Wed Jun 23 2021,165
Thu Jun 24 2021,168
Fri Jun 25 2021,174
Mon Jun 28 2021,173
Tue Jun 29 2021,170
Wed Jun 30 2021,168
Thu Jul 01 2021,169
Fri Jul 02 2021,170
Mon Jul 05 2021,171
Tue Jul 06 2021,171
Wed Jul 07 2021,172
Thu Jul 08 2021,173
Mon Jul 12 2021,179
Tue Jul 13 2021,176
Wed Jul 14 2021,176
Thu Jul 15 2021,178
Fri Jul 16 2021,178
Mon Jul 19 2021,180
Tue Jul 20 2021,183
Wed Jul 21 2021,183
Thu Jul 22 2021,185
Fri Jul 23 2021,185
Mon Jul 26 2021,185
Tue Jul 27 2021,183
Wed Jul 28 2021,180
Thu Jul 29 2021,180
Fri Jul 30 2021,180.5
Mon Aug 02 2021,180.5
Tue Aug 03 2021,180.5
Wed Aug 04 2021,180.5
Thu Aug 05 2021,179.5
Fri Aug 06 2021,178.5
Mon Aug 09 2021,179
Tue Aug 10 2021,178.5
Wed Aug 11 2021,178
Thu Aug 12 2021,178
Fri Aug 13 2021,181
Tue Aug 17 2021,183
Wed Aug 18 2021,182
Thu Aug 19 2021,181.5
Fri Aug 20 2021,182
Mon Aug 23 2021,182
Tue Aug 24 2021,182
Wed Aug 25 2021,182
Thu Aug 26 2021,181.5
Fri Aug 27 2021,181.5
Mon Aug 30 2021,182
Wed Sep 01 2021,180.5
Thu Sep 02 2021,180.5
Fri Sep 03 2021,181
Mon Sep 06 2021,182
Tue Sep 07 2021,182
Wed Sep 08 2021,187
Thu Sep 09 2021,186.5
Fri Sep 10 2021,185
Mon Sep 13 2021,182
Tue Sep 14 2021,182
Wed Sep 15 2021,184
Thu Sep 16 2021,186
Fri Sep 17 2021,186
Mon Sep 20 2021,185.5
Tue Sep 21 2021,184.5
Wed Sep 22 2021,184
Thu Sep 23 2021,185
Fri Sep 24 2021,185
Mon Sep 27 2021,186.5
Tue Sep 28 2021,187
Wed Sep 29 2021,187
Thu Sep 30 2021,186
Fri Oct 01 2021,186
Mon Oct 04 2021,186
Tue Oct 05 2021,185
Wed Oct 06 2021,185
Thu Oct 07 2021,185
Tue Oct 12 2021,185
Wed Oct 13 2021,185
Thu Oct 14 2021,185.5
Fri Oct 15 2021,186
Tue Oct 19 2021,186.5
Wed Oct 20 2021,187.5
Thu Oct 21 2021,189
Fri Oct 22 2021,193.5
Mon Oct 25 2021,193.5
Tue Oct 26 2021,196
Wed Oct 27 2021,197
Thu Oct 28 2021,197
Fri Oct 29 2021,198
Mon Nov 01 2021,196
Tue Nov 02 2021,197
Wed Nov 03 2021,199
Fri Nov 05 2021,199
Mon Nov 08 2021,199
Tue Nov 09 2021,199
Wed Nov 10 2021,203
Thu Nov 11 2021,207
Fri Nov 12 2021,202
Mon Nov 15 2021,200
Tue Nov 16 2021,200
Wed Nov 17 2021,201.5
Thu Nov 18 2021,200.5
Tue Nov 23 2021,201
Wed Nov 24 2021,201
Thu Nov 25 2021,200.5
Fri Nov 26 2021,201.5
Mon Nov 29 2021,201
Tue Nov 30 2021,201.5
Wed Dec 01 2021,201
Thu Dec 02 2021,200.5
Mon Dec 06 2021,199.5
Tue Dec 07 2021,198
Thu Dec 09 2021,197
Fri Dec 10 2021,196
Mon Dec 13 2021,195.5
Tue Dec 14 2021,196
Wed Dec 15 2021,198
Thu Dec 16 2021,198.5
Fri Dec 17 2021,200
Mon Dec 20 2021,200.5
Tue Dec 21 2021,199.5
Wed Dec 22 2021,200
Thu Dec 23 2021,204.5
Mon Dec 27 2021,203.5
Tue Dec 28 2021,205
Wed Dec 29 2021,208.5
Mon Jan 03 2022,206
Tue Jan 04 2022,206.5
Wed Jan 05 2022,207
Thu Jan 06 2022,208.5
Fri Jan 07 2022,208.5
Mon Jan 10 2022,206.5
Tue Jan 11 2022,207
Wed Jan 12 2022,208.5
Thu Jan 13 2022,209
Fri Jan 14 2022,209
Mon Jan 17 2022,209
Tue Jan 18 2022,209.5
Wed Jan 19 2022,212
Thu Jan 20 2022,213
Fri Jan 21 2022,218
Mon Jan 24 2022,219
Tue Jan 25 2022,219.5
Wed Jan 26 2022,220.5
Thu Jan 27 2022,223.5
Fri Jan 28 2022,213
Mon Jan 31 2022,212.5
Tue Feb 01 2022,213.5
Wed Feb 02 2022,216.5
Thu Feb 03 2022,216
Fri Feb 04 2022,213
Mon Feb 07 2022,214
Tue Feb 08 2022,215
Wed Feb 09 2022,216
Thu Feb 10 2022,216
Fri Feb 11 2022,214.5
Mon Feb 14 2022,215.5
Tue Feb 15 2022,215
Wed Feb 16 2022,215
Thu Feb 17 2022,214
Fri Feb 18 2022,211
Mon Feb 21 2022,211
Tue Feb 22 2022,210
Wed Feb 23 2022,210
Thu Feb 24 2022,210
Fri Feb 25 2022,210.5
Wed Mar 02 2022,206.5
Thu Mar 03 2022,205
Fri Mar 04 2022,201
Mon Mar 07 2022,200.5
Tue Mar 08 2022,202
Wed Mar 09 2022,203
Fri Mar 11 2022,201
Mon Mar 14 2022,201.5
Tue Mar 15 2022,199
Wed Mar 16 2022,201
Thu Mar 17 2022,203
Fri Mar 18 2022,202
Mon Mar 21 2022,202
Tue Mar 22 2022,202
Wed Mar 23 2022,201
Fri Mar 25 2022,202
Mon Mar 28 2022,200
Tue Mar 29 2022,200
Wed Mar 30 2022,201
Thu Mar 31 2022,200
Fri Apr 01 2022,199
Mon Apr 04 2022,199
Tue Apr 05 2022,196
Wed Apr 06 2022,196
Thu Apr 07 2022,196
Fri Apr 08 2022,196
Mon Apr 11 2022,195
Tue Apr 12 2022,195
Wed Apr 13 2022,195
Mon Apr 18 2022,195
Tue Apr 19 2022,197
Wed Apr 20 2022,199.5
Thu Apr 21 2022,201
Fri Apr 22 2022,202.5
Mon Apr 25 2022,205
Tue Apr 26 2022,210
Wed Apr 27 2022,209
Thu Apr 28 2022,205
Fri Apr 29 2022,199
Mon May 02 2022,201
Tue May 03 2022,203.5
Wed May 04 2022,202
Thu May 05 2022,201.5
Fri May 06 2022,201
Mon May 09 2022,200.5
Tue May 10 2022,202
Wed May 11 2022,205
Thu May 12 2022,204.5
Fri May 13 2022,203
Mon May 16 2022,205
Tue May 17 2022,207
Thu May 19 2022,206
Fri May 20 2022,204.5
Mon May 23 2022,206
Tue May 24 2022,208
Thu May 26 2022,207
Fri May 27 2022,206
Mon May 30 2022,206.5
Tue May 31 2022,206
Wed Jun 01 2022,206
Thu Jun 02 2022,205
Fri Jun 03 2022,205
Mon Jun 06 2022,205.5
Tue Jun 07 2022,206
Wed Jun 08 2022,208
Thu Jun 09 2022,207
Fri Jun 10 2022,209
Mon Jun 13 2022,215
Tue Jun 14 2022,221
Wed Jun 15 2022,221
Thu Jun 16 2022,216
Tue Jun 21 2022,220
Wed Jun 22 2022,224
Thu Jun 23 2022,224
Fri Jun 24 2022,225
Mon Jun 27 2022,230
Tue Jun 28 2022,238
Wed Jun 29 2022,238
Thu Jun 30 2022,238
Fri Jul 01 2022,238
Mon Jul 04 2022,267
Tue Jul 05 2022,257
Wed Jul 06 2022,250
Thu Jul 07 2022,255
Fri Jul 08 2022,270
Mon Jul 11 2022,267
Tue Jul 12 2022,270
Wed Jul 13 2022,278
Thu Jul 14 2022,288
Fri Jul 15 2022,295
Mon Jul 18 2022,291
Tue Jul 19 2022,301
Wed Jul 20 2022,317
Thu Jul 21 2022,336
Fri Jul 22 2022,341
Mon Jul 25 2022,319
Tue Jul 26 2022,321
Wed Jul 27 2022,326
Thu Jul 28 2022,315
Fri Jul 29 2022,298
Mon Aug 01 2022,281
Tue Aug 02 2022,290
Wed Aug 03 2022,298
Thu Aug 04 2022,291
Fri Aug 05 2022,292
Mon Aug 08 2022,290
Tue Aug 09 2022,292
Wed Aug 10 2022,295
Thu Aug 11 2022,296
Fri Aug 12 2022,295
Tue Aug 16 2022,291
Wed Aug 17 2022,291
Thu Aug 18 2022,293
Fri Aug 19 2022,293
Mon Aug 22 2022,292
Tue Aug 23 2022,297
Wed Aug 24 2022,295
Thu Aug 25 2022,292
Fri Aug 26 2022,291
Mon Aug 29 2022,292
Tue Aug 30 2022,291
Wed Aug 31 2022,290
Thu Sep 01 2022,289
Fri Sep 02 2022,285
Mon Sep 05 2022,269
Tue Sep 06 2022,272
Wed Sep 07 2022,278
Thu Sep 08 2022,281
Fri Sep 09 2022,274
Mon Sep 12 2022,273
Tue Sep 13 2022,273
Wed Sep 14 2022,276
Thu Sep 15 2022,275
Fri Sep 16 2022,277
Mon Sep 19 2022,277
Tue Sep 20 2022,286
Wed Sep 21 2022,289
Thu Sep 22 2022,285
Fri Sep 23 2022,288
Mon Sep 26 2022,286
Tue Sep 27 2022,291
Wed Sep 28 2022,290
Thu Sep 29 2022,288
Fri Sep 30 2022,288
Mon Oct 03 2022,284
Tue Oct 04 2022,282
Wed Oct 05 2022,282
Thu Oct 06 2022,276
Tue Oct 11 2022,279
Wed Oct 12 2022,288
Thu Oct 13 2022,291
Fri Oct 14 2022,290
Mon Oct 17 2022,287
Tue Oct 18 2022,290
Wed Oct 19 2022,292
Thu Oct 20 2022,291
Fri Oct 21 2022,290
Mon Oct 24 2022,291
Tue Oct 25 2022,293
Wed Oct 26 2022,292
Thu Oct 27 2022,290
Fri Oct 28 2022,291
Mon Oct 31 2022,291
Tue Nov 01 2022,290
Wed Nov 02 2022,291
Thu Nov 03 2022,289
Fri Nov 04 2022,287
Mon Nov 07 2022,290
Tue Nov 08 2022,290
Wed Nov 09 2022,291
Thu Nov 10 2022,292
Fri Nov 11 2022,293
Mon Nov 14 2022,293
Tue Nov 15 2022,302
Wed Nov 16 2022,307
Thu Nov 17 2022,307
Fri Nov 18 2022,306
Tue Nov 22 2022,307
Wed Nov 23 2022,312
Thu Nov 24 2022,318
Fri Nov 25 2022,320
Mon Nov 28 2022,318
Tue Nov 29 2022,317
Wed Nov 30 2022,314
Thu Dec 01 2022,314
Fri Dec 02 2022,311
Mon Dec 05 2022,311
Tue Dec 06 2022,314
Wed Dec 07 2022,316
Mon Dec 12 2022,313
Tue Dec 13 2022,315
Wed Dec 14 2022,320
Thu Dec 15 2022,320
Fri Dec 16 2022,320
Mon Dec 19 2022,321
Tue Dec 20 2022,326
Wed Dec 21 2022,325
Thu Dec 22 2022,330
Fri Dec 23 2022,340
Mon Dec 26 2022,345
Tue Dec 27 2022,355
Wed Dec 28 2022,357
Thu Dec 29 2022,354
Fri Dec 30 2022,347
Mon Jan 02 2023,344
Tue Jan 03 2023,353
Wed Jan 04 2023,354
Thu Jan 05 2023,353
Fri Jan 06 2023,354
Mon Jan 09 2023,355
Tue Jan 10 2023,357
Wed Jan 11 2023,358
Thu Jan 12 2023,361
Fri Jan 13 2023,368
Mon Jan 16 2023,368
Tue Jan 17 2023,377
Wed Jan 18 2023,376
Thu Jan 19 2023,374
Fri Jan 20 2023,375
Mon Jan 23 2023,375
Tue Jan 24 2023,381
Wed Jan 25 2023,382
Thu Jan 26 2023,385
Fri Jan 27 2023,386
Mon Jan 30 2023,386
Tue Jan 31 2023,382
Wed Feb 01 2023,377
Thu Feb 02 2023,378
Fri Feb 03 2023,379
Mon Feb 06 2023,377
Tue Feb 07 2023,377
Wed Feb 08 2023,379
Thu Feb 09 2023,380
Fri Feb 10 2023,377
Mon Feb 13 2023,378
Tue Feb 14 2023,381
Wed Feb 15 2023,379
Thu Feb 16 2023,377
Fri Feb 17 2023,377
Mon Feb 20 2023,377
Tue Feb 21 2023,377
Wed Feb 22 2023,377
Thu Feb 23 2023,379
Fri Feb 24 2023,379
Mon Feb 27 2023,377
Tue Feb 28 2023,375
Wed Mar 01 2023,375
Thu Mar 02 2023,375
Fri Mar 03 2023,377
Mon Mar 06 2023,375
Tue Mar 07 2023,372
Wed Mar 08 2023,371
Thu Mar 09 2023,378
Fri Mar 10 2023,373
Mon Mar 13 2023,373
Tue Mar 14 2023,377
Wed Mar 15 2023,377
Thu Mar 16 2023,379
Fri Mar 17 2023,383
Mon Mar 20 2023,383
Tue Mar 21 2023,386
Wed Mar 22 2023,394
Thu Mar 23 2023,391
Mon Mar 27 2023,389
Tue Mar 28 2023,390
Wed Mar 29 2023,397
Thu Mar 30 2023,393
Fri Mar 31 2023,393
Mon Apr 03 2023,395
Tue Apr 04 2023,392
Wed Apr 05 2023,392
Mon Apr 10 2023,392
Tue Apr 11 2023,391
Wed Apr 12 2023,394
Thu Apr 13 2023,398
Fri Apr 14 2023,400
Mon Apr 17 2023,408
Wed Apr 19 2023,418
Thu Apr 20 2023,432
Fri Apr 21 2023,445
Mon Apr 24 2023,465
Tue Apr 25 2023,490
Wed Apr 26 2023,473
Thu Apr 27 2023,467
Fri Apr 28 2023,468
Mon May 01 2023,469
Tue May 02 2023,473
Wed May 03 2023,468
Thu May 04 2023,468
Fri May 05 2023,469
Mon May 08 2023,469
Tue May 09 2023,471
Wed May 10 2023,471
Thu May 11 2023,475
Fri May 12 2023,474
Mon May 15 2023,477
Tue May 16 2023,488
Wed May 17 2023,487
Thu May 18 2023,486
Fri May 19 2023,488
Mon May 22 2023,488
Tue May 23 2023,491
Wed May 24 2023,492
Thu May 25 2023,493
Fri May 26 2023,493
Mon May 29 2023,492
Tue May 30 2023,492
Wed May 31 2023,490
Thu Jun 01 2023,488
Fri Jun 02 2023,490
Mon Jun 05 2023,488
Tue Jun 06 2023,486
Wed Jun 07 2023,484
Thu Jun 08 2023,485
Fri Jun 09 2023,484
Mon Jun 12 2023,483
Tue Jun 13 2023,486
Wed Jun 14 2023,494
Thu Jun 15 2023,487
Fri Jun 16 2023,492
Wed Jun 21 2023,491
Thu Jun 22 2023,493
Fri Jun 23 2023,496
Mon Jun 26 2023,492
Tue Jun 27 2023,494
Wed Jun 28 2023,495
Thu Jun 29 2023,493
Fri Jun 30 2023,493
Mon Jul 03 2023,494
Tue Jul 04 2023,495
Wed Jul 05 2023,493
Thu Jul 06 2023,491
Fri Jul 07 2023,492
Mon Jul 10 2023,495
Tue Jul 11 2023,499
Wed Jul 12 2023,499
Thu Jul 13 2023,506
Fri Jul 14 2023,520
Mon Jul 17 2023,521
Tue Jul 18 2023,519
Wed Jul 19 2023,527
Thu Jul 20 2023,525
Fri Jul 21 2023,528
Mon Jul 24 2023,550
Tue Jul 25 2023,541
Wed Jul 26 2023,547
Thu Jul 27 2023,550
Fri Jul 28 2023,551
Mon Jul 31 2023,550
Tue Aug 01 2023,558
Wed Aug 02 2023,558
Thu Aug 03 2023,574
Fri Aug 04 2023,572
Mon Aug 07 2023,594
Tue Aug 08 2023,590
Wed Aug 09 2023,598
Thu Aug 10 2023,606
Fri Aug 11 2023,607
Mon Aug 14 2023,685
Tue Aug 15 2023,715
Wed Aug 16 2023,780
Thu Aug 17 2023,760
Fri Aug 18 2023,735
Tue Aug 22 2023,725
Wed Aug 23 2023,735
Thu Aug 24 2023,725
Fri Aug 25 2023,725
Mon Aug 28 2023,730
Tue Aug 29 2023,745
Wed Aug 30 2023,740
Thu Aug 31 2023,730
Fri Sep 01 2023,730
Mon Sep 04 2023,735
Tue Sep 05 2023,723
Wed Sep 06 2023,720
Thu Sep 07 2023,715
Fri Sep 08 2023,705
Mon Sep 11 2023,717
Tue Sep 12 2023,728
Wed Sep 13 2023,735
Thu Sep 14 2023,725
Fri Sep 15 2023,718
Mon Sep 18 2023,735
Tue Sep 19 2023,740
Wed Sep 20 2023,735
Thu Sep 21 2023,745
Fri Sep 22 2023,745
Mon Sep 25 2023,743
Tue Sep 26 2023,752
Wed Sep 27 2023,773
Thu Sep 28 2023,785
Fri Sep 29 2023,805
Mon Oct 02 2023,798
Tue Oct 03 2023,805
Wed Oct 04 2023,845
Thu Oct 05 2023,843
Fri Oct 06 2023,895
Mon Oct 09 2023,930
Tue Oct 10 2023,1025
Wed Oct 11 2023,1020
Thu Oct 12 2023,970
Tue Oct 17 2023,985
Wed Oct 18 2023,930
Thu Oct 19 2023,900
Fri Oct 20 2023,900
Mon Oct 23 2023,1100
Tue Oct 24 2023,1075
Wed Oct 25 2023,1000
Thu Oct 26 2023,980
Fri Oct 27 2023,990
Mon Oct 30 2023,970
Tue Oct 31 2023,920
Wed Nov 01 2023,915
Thu Nov 02 2023,915
Fri Nov 03 2023,920
Tue Nov 07 2023,890
Wed Nov 08 2023,890
Thu Nov 09 2023,950
Fri Nov 10 2023,955
Mon Nov 13 2023,925
Tue Nov 14 2023,925
Wed Nov 15 2023,1000
Thu Nov 16 2023,960
Fri Nov 17 2023,950
Tue Nov 21 2023,1075
Wed Nov 22 2023,1075
Thu Nov 23 2023,1055
Fri Nov 24 2023,1000
Mon Nov 27 2023,995
Tue Nov 28 2023,975
Wed Nov 29 2023,930
Thu Nov 30 2023,895
Fri Dec 01 2023,955
Mon Dec 04 2023,950
Tue Dec 05 2023,910
Wed Dec 06 2023,930
Thu Dec 07 2023,995
Mon Dec 11 2023,980
Tue Dec 12 2023,1005
Wed Dec 13 2023,1115
Thu Dec 14 2023,995
Fri Dec 15 2023,970
Mon Dec 18 2023,985
Tue Dec 19 2023,995
Wed Dec 20 2023,995
Thu Dec 21 2023,975
Fri Dec 22 2023,980
Tue Dec 26 2023,995
Wed Dec 27 2023,1000
Thu Dec 28 2023,1000
Fri Dec 29 2023,1015
Tue Jan 02 2024,1015
Wed Jan 03 2024,1005
Thu Jan 04 2024,1015
Fri Jan 05 2024,1020
Mon Jan 08 2024,1030
Tue Jan 09 2024,1120
Wed Jan 10 2024,1150
Thu Jan 11 2024,1120
Fri Jan 12 2024,1120
Mon Jan 15 2024,1135
Tue Jan 16 2024,1160
Wed Jan 17 2024,1240
Thu Jan 18 2024,1240
Fri Jan 19 2024,1225
Mon Jan 22 2024,1235
Tue Jan 23 2024,1240
Wed Jan 24 2024,1255
Thu Jan 25 2024,1255
Fri Jan 26 2024,1220
Mon Jan 29 2024,1225
Tue Jan 30 2024,1215
Wed Jan 31 2024,1195
Thu Feb 01 2024,1185
Fri Feb 02 2024,1180
Mon Feb 05 2024,1170
Tue Feb 06 2024,1140
Wed Feb 07 2024,1175
Thu Feb 08 2024,1145
Fri Feb 09 2024,1145
Wed Feb 14 2024,1125
Thu Feb 15 2024,1060
Fri Feb 16 2024,1085
Mon Feb 19 2024,1110
Tue Feb 20 2024,1110
Wed Feb 21 2024,1115
Thu Feb 22 2024,1085
Fri Feb 23 2024,1085
Mon Feb 26 2024,1080
Tue Feb 27 2024,1075
Wed Feb 28 2024,1045
Thu Feb 29 2024,1030
Fri Mar 01 2024,1040
Mon Mar 04 2024,1020
Tue Mar 05 2024,1010
Wed Mar 06 2024,995
Thu Mar 07 2024,980
Fri Mar 08 2024,985
Mon Mar 11 2024,990
Tue Mar 12 2024,1020
Wed Mar 13 2024,1030
Thu Mar 14 2024,1035
Fri Mar 15 2024,1020
Mon Mar 18 2024,1025
Tue Mar 19 2024,1035
Wed Mar 20 2024,1030
Thu Mar 21 2024,1030
Fri Mar 22 2024,1020
Mon Mar 25 2024,1020
Tue Mar 26 2024,1015
Wed Mar 27 2024,1010
Wed Apr 03 2024,1005
Thu Apr 04 2024,1000
Fri Apr 05 2024,985
Mon Apr 08 2024,985
Tue Apr 09 2024,990
Wed Apr 10 2024,1000
Thu Apr 11 2024,995
Fri Apr 12 2024,1005
Mon Apr 15 2024,1005
Tue Apr 16 2024,1040
Wed Apr 17 2024,1035
Thu Apr 18 2024,1030
Fri Apr 19 2024,1015
Mon Apr 22 2024,1025
Tue Apr 23 2024,1030
Wed Apr 24 2024,1035
Thu Apr 25 2024,1045
Fri Apr 26 2024,1055
Mon Apr 29 2024,1045
Tue Apr 30 2024,1040
Thu May 02 2024,1040
Fri May 03 2024,1035
Mon May 06 2024,1045
Tue May 07 2024,1040
Wed May 08 2024,1040
Thu May 09 2024,1045
Fri May 10 2024,1040
Mon May 13 2024,1045
Tue May 14 2024,1060
Wed May 15 2024,1080
Thu May 16 2024,1100
Fri May 17 2024,1105
Mon May 20 2024,1160
Tue May 21 2024,1230
Wed May 22 2024,1270
Thu May 23 2024,1290
Fri May 24 2024,1240
Mon May 27 2024,1210
Tue May 28 2024,1210
Wed May 29 2024,1220
Thu May 30 2024,1230
Fri May 31 2024,1230
Mon Jun 03 2024,1235
Tue Jun 04 2024,1265
Wed Jun 05 2024,1255
Thu Jun 06 2024,1250
Fri Jun 07 2024,1260
Mon Jun 10 2024,1285
Tue Jun 11 2024,1295
Wed Jun 12 2024,1285
Thu Jun 13 2024,1245
Fri Jun 14 2024,1280
Tue Jun 18 2024,1305
Wed Jun 19 2024,1300
Mon Jun 24 2024,1330
Tue Jun 25 2024,1360
Wed Jun 26 2024,1370
Thu Jun 27 2024,1355
Fri Jun 28 2024,1365
Mon Jul 01 2024,1405
Tue Jul 02 2024,1425
Wed Jul 03 2024,1410
Thu Jul 04 2024,1395
Fri Jul 05 2024,1420
Mon Jul 08 2024,1440
Wed Jul 10 2024,1440
Thu Jul 11 2024,1465
Fri Jul 12 2024,1500
Mon Jul 15 2024,1420
Tue Jul 16 2024,1395
Wed Jul 17 2024,1465
Thu Jul 18 2024,1455
Fri Jul 19 2024,1440
Mon Jul 22 2024,1440
Tue Jul 23 2024,1445
Wed Jul 24 2024,1445
Thu Jul 25 2024,1445
Fri Jul 26 2024,1435
Mon Jul 29 2024,1415
Tue Jul 30 2024,1385
Wed Jul 31 2024,1360
Thu Aug 01 2024,1380
Fri Aug 02 2024,1395
Mon Aug 05 2024,1395
Tue Aug 06 2024,1370
Wed Aug 07 2024,1380
Thu Aug 08 2024,1375
Fri Aug 09 2024,1355
Mon Aug 12 2024,1350
Tue Aug 13 2024,1355
Wed Aug 14 2024,1355
Thu Aug 15 2024,1350
Fri Aug 16 2024,1345
Mon Aug 19 2024,1350
Wed Aug 21 2024,1355
Thu Aug 22 2024,1355
Fri Aug 23 2024,1350
Sat Aug 24 2024,1350
Sun Aug 25 2024,1350
Mon Aug 26 2024,1350
Tue Aug 27 2024,1350
Wed Aug 28 2024,1340
Thu Aug 29 2024,1335
Fri Aug 30 2024,1315
Sat Aug 31 2024,1305
Sun Sep 01 2024,1305
Mon Sep 02 2024,1305
Tue Sep 03 2024,1305
Wed Sep 04 2024,1310
Thu Sep 05 2024,1305
Fri Sep 06 2024,1265
Sat Sep 07 2024,1260
Sun Sep 08 2024,1260
Mon Sep 09 2024,1260
Tue Sep 10 2024,1270
Wed Sep 11 2024,1280
Thu Sep 12 2024,1285
Fri Sep 13 2024,1280
Sat Sep 14 2024,1265
Sun Sep 15 2024,1265
Mon Sep 16 2024,1265
Tue Sep 17 2024,1275
Wed Sep 18 2024,1270
Thu Sep 19 2024,1260
Fri Sep 20 2024,1240
Sat Sep 21 2024,1245
Sun Sep 22 2024,1245
Mon Sep 23 2024,1245
Tue Sep 24 2024,1245
Wed Sep 25 2024,1245
Thu Sep 26 2024,1240
Fri Sep 27 2024,1230
Sat Sep 28 2024,1245
Sun Sep 29 2024,1245
Mon Sep 30 2024,1245
Tue Oct 01 2024,1235
Wed Oct 02 2024,1220
Thu Oct 03 2024,1215
Fri Oct 04 2024,1205
Sat Oct 05 2024,1195
Sun Oct 06 2024,1195
Mon Oct 07 2024,1195
Tue Oct 08 2024,1185
Wed Oct 09 2024,1175
Thu Oct 10 2024,1175
Fri Oct 11 2024,1180
Sat Oct 12 2024,1180
Sun Oct 13 2024,1180
Mon Oct 14 2024,1180
Tue Oct 15 2024,1190
Wed Oct 16 2024,1235
Thu Oct 17 2024,1220
Fri Oct 18 2024,1220
Sat Oct 19 2024,1225
Sun Oct 20 2024,1225
Mon Oct 21 2024,1225
Tue Oct 22 2024,1240
Wed Oct 23 2024,1245
Thu Oct 24 2024,1230
Fri Oct 25 2024,1215
Sat Oct 26 2024,1225
Sun Oct 27 2024,1225
Mon Oct 28 2024,1225
Tue Oct 29 2024,1220
Wed Oct 30 2024,1195
Thu Oct 31 2024,1180
Fri Nov 01 2024,1190
Sat Nov 02 2024,1190
Sun Nov 03 2024,1190
Mon Nov 04 2024,1190
Tue Nov 05 2024,1170
Wed Nov 06 2024,1135
Thu Nov 07 2024,1135
Fri Nov 08 2024,1120
Sat Nov 09 2024,1135
Sun Nov 10 2024,1135
Mon Nov 11 2024,1135
Tue Nov 12 2024,1135
Wed Nov 13 2024,1135
Thu Nov 14 2024,1140
Fri Nov 15 2024,1140
Sat Nov 16 2024,1140
Sun Nov 17 2024,1140
Mon Nov 18 2024,1140
Tue Nov 19 2024,1140
Wed Nov 20 2024,1135
Thu Nov 21 2024,1135
Fri Nov 22 2024,1130
Sat Nov 23 2024,1135
Sun Nov 24 2024,1135
Mon Nov 25 2024,1135
Tue Nov 26 2024,1130
Wed Nov 27 2024,1135
Thu Nov 28 2024,1125
Fri Nov 29 2024,1120
Sat Nov 30 2024,1120
Sun Dec 01 2024,1120
Mon Dec 02 2024,1120
Tue Dec 03 2024,1100
Wed Dec 04 2024,1090
Thu Dec 05 2024,1080
Fri Dec 06 2024,1055
Sat Dec 07 2024,1050
Sun Dec 08 2024,1050
Mon Dec 09 2024,1050
Tue Dec 10 2024,1065
Wed Dec 11 2024,1070
Thu Dec 12 2024,1080
Fri Dec 13 2024,1095
Sat Dec 14 2024,1105
Sun Dec 15 2024,1105
Mon Dec 16 2024,1105
Tue Dec 17 2024,1125
Wed Dec 18 2024,1165
Thu Dec 19 2024,1205
Fri Dec 20 2024,1175
Sat Dec 21 2024,1160
Sun Dec 22 2024,1160
Mon Dec 23 2024,1160
Tue Dec 24 2024,1200
Wed Dec 25 2024,1200
Thu Dec 26 2024,1200
Fri Dec 27 2024,1210
Sat Dec 28 2024,1215
Sun Dec 29 2024,1215
Mon Dec 30 2024,1215
Tue Dec 31 2024,1230
Wed Jan 01 2025,1230
Thu Jan 02 2025,1230
Fri Jan 03 2025,1215
Sat Jan 04 2025,1205
Sun Jan 05 2025,1205
Mon Jan 06 2025,1205
Tue Jan 07 2025,1205
Wed Jan 08 2025,1215
Thu Jan 09 2025,1220
Fri Jan 10 2025,1220
Sat Jan 11 2025,1225
Sun Jan 12 2025,1225
Mon Jan 13 2025,1225
Tue Jan 14 2025,1250
Wed Jan 15 2025,1240
Thu Jan 16 2025,1225
Fri Jan 17 2025,1235
Sat Jan 18 2025,1235
Sun Jan 19 2025,1235
Mon Jan 20 2025,1235
Tue Jan 21 2025,1240
Wed Jan 22 2025,1235
Thu Jan 23 2025,1240
Fri Jan 24 2025,1240
Sat Jan 25 2025,1225
Sun Jan 26 2025,1225
Mon Jan 27 2025,1225
Tue Jan 28 2025,1230
Wed Jan 29 2025,1230
Thu Jan 30 2025,1220
Fri Jan 31 2025,1220
Sat Feb 01 2025,1220
Sun Feb 02 2025,1220
Mon Feb 03 2025,1220
Tue Feb 04 2025,1220
Wed Feb 05 2025,1215
Thu Feb 06 2025,1215
Fri Feb 07 2025,1210
Sat Feb 08 2025,1205
Sun Feb 09 2025,1205
Mon Feb 10 2025,1205
Tue Feb 11 2025,1205
Wed Feb 12 2025,1215
Thu Feb 13 2025,1220
Fri Feb 14 2025,1225
Sat Feb 15 2025,1220
Sun Feb 16 2025,1220
Mon Feb 17 2025,1220
Tue Feb 18 2025,1235
Wed Feb 19 2025,1235
Thu Feb 20 2025,1225
Fri Feb 21 2025,1225
Sat Feb 22 2025,1230
Sun Feb 23 2025,1230
Mon Feb 24 2025,1230
Tue Feb 25 2025,1240
Wed Feb 26 2025,1240
Thu Feb 27 2025,1230
Fri Feb 28 2025,1225
Sat Mar 01 2025,1230
Sun Mar 02 2025,1230
Mon Mar 03 2025,1230
Tue Mar 04 2025,1230
Wed Mar 05 2025,1230
Thu Mar 06 2025,1225
Fri Mar 07 2025,1215
Sat Mar 08 2025,1215
Sun Mar 09 2025,1215
Mon Mar 10 2025,1215
Tue Mar 11 2025,1225
Wed Mar 12 2025,1220
Thu Mar 13 2025,1230
Fri Mar 14 2025,1235
Sat Mar 15 2025,1240
Sun Mar 16 2025,1240
Mon Mar 17 2025,1240
Tue Mar 18 2025,1255
Wed Mar 19 2025,1285
Thu Mar 20 2025,1280
Fri Mar 21 2025,1265
Sat Mar 22 2025,1280
Sun Mar 23 2025,1280
Mon Mar 24 2025,1280
Tue Mar 25 2025,1280
Wed Mar 26 2025,1295
Thu Mar 27 2025,1310
Fri Mar 28 2025,1300
Sat Mar 29 2025,1300
Sun Mar 30 2025,1300
Mon Mar 31 2025,1300
Tue Apr 01 2025,1325
Wed Apr 02 2025,1315
Thu Apr 03 2025,1315
Fri Apr 04 2025,1310
Sat Apr 05 2025,1310
Sun Apr 06 2025,1310
Mon Apr 07 2025,1310
Tue Apr 08 2025,1345
Wed Apr 09 2025,1360
Thu Apr 10 2025,1355
Fri Apr 11 2025,1365
Sat Apr 12 2025,1375
Sun Apr 13 2025,1375
Mon Apr 14 2025,1375
Tue Apr 15 2025,1285
Wed Apr 16 2025,1285
Thu Apr 17 2025,1250
Fri Apr 18 2025,1250
Sat Apr 19 2025,1250
Sun Apr 20 2025,1250
Mon Apr 21 2025,1250
Tue Apr 22 2025,1150
Wed Apr 23 2025,1185
Thu Apr 24 2025,1210
Fri Apr 25 2025,1225
Sat Apr 26 2025,1210
Sun Apr 27 2025,1210
Mon Apr 28 2025,1210
Tue Apr 29 2025,1205
Wed Apr 30 2025,1200
Thu May 01 2025,1185
Fri May 02 2025,1185
Sat May 03 2025,1185
Sun May 04 2025,1185
Mon May 05 2025,1185
Tue May 06 2025,1205
Wed May 07 2025,1190
Thu May 08 2025,1170
Fri May 09 2025,1165
Sat May 10 2025,1175
Sun May 11 2025,1175
Mon May 12 2025,1175
Tue May 13 2025,1170
Wed May 14 2025,1160
Thu May 15 2025,1165
Fri May 16 2025,1165
Sat May 17 2025,1165
Sun May 18 2025,1165
Mon May 19 2025,1165